{"config": {"model_config": {"input_size": 20, "hidden_size": 64, "num_layers": 2, "rnn_arch": "LSTM", "use_attn": true, "dropout": 0.0}, "tra_config": {"num_states": 3, "rnn_arch": "LSTM", "hidden_size": 32, "num_layers": 1, "dropout": 0.0, "tau": 1.0, "src_info": "LR_TPE"}, "model_type": "RNN", "lr": 0.001, "n_epochs": 100, "early_stop": 20, "max_steps_per_epoch": null, "lamb": 1.0, "rho": 0.99, "alpha": 0.5, "seed": 0, "logdir": "output/Alpha158", "pretrain": true, "init_state": null, "transport_method": "router", "use_daily_transport": false}, "best_eval_metric": -0.08070267677884066, "metrics": {"train": {"MSE": 0.14725237562589485, "MAE": 0.3067990945106591, "IC": 0.11719176275690851, "ICIR": 0.9437729157012789}, "valid": {"MSE": 0.1536801585500701, "MAE": 0.3141123208693087, "IC": 0.08072321741538077, "ICIR": 0.5181531510951329}, "test": {"MSE": 0.1583523194141896, "MAE": 0.3198301062916912, "IC": 0.048479810022966065, "ICIR": 0.39308234954525556}}}